date,description,Amount
12/6/23,AMZN MKTP US*WI0Z77O83 SEATTLE WA 5039,-13.89
12/6/23,AMZN MKTP US SEATTLE WA 5071,63.87
12/6/23,AMZN MKTP US SEATTLE WA 8581,42.75
12/6/23,INTEREST REF PURCHASES DEC 2023 3821,0.15
12/6/23,AMZN MKTP US*NV60W7ZS3 SEATTLE WA 7286,-13.89
12/6/23,AMZN MKTP US SEATTLE WA 7186,28.87
12/6/23,BA ELECTRONIC PAYMENT 3821,300
12/9/23,MB-PARKING PARKMOBILE MIAMI BEACH FL 3915,-2.35
12/9/23,MB-PARKING PARKMOBILE MIAMI BEACH FL 2909,-4.35
12/11/23,AMAZON.COM*ER36Z0KZ3 SEATTLE WA 4466,-5.98
12/12/23,AMAZON.COM*6C5RO7PS3 SEATTLE WA 8511,-17.11
12/12/23,AMZN MKTP US*IT89Z7EK3 SEATTLE WA 1582,-133.53
12/13/23,AMZN Mktp US*4960V3FH3 Amzn.com/billWA 1682,-107
12/15/23,AMZN MKTP US SEATTLE WA 9901,13.89
12/15/23,AMZN MKTP US SEATTLE WA 8892,14.97
12/16/23,AMZN Mktp US*6M0M477X3 Amzn.com/billWA 2386,-310.84
12/16/23,AMZN Mktp US*1Q3K72SM3 Amzn.com/billWA 1151,-405.53
12/17/23,AMZN MKTP US*FX5TA9LS3 SEATTLE WA 3871,-195.92
12/18/23,AMZN MKTP US*WM6B20V63 SEATTLE WA 3510,-21.38
12/19/23,AMAZON.COM*2L7QC25G3 SEATTLE WA 6079,-194.33
12/19/23,AMZN MKTP US*E02NB9O53 SEATTLE WA 0624,-63.12
12/21/23,AMZN MKTP US*6V51R0A73 SEATTLE WA 0941,-78.7
12/23/23,AMZN MKTP US*5100T1RE3 SEATTLE WA 3246,-331.69
12/23/23,AMZN MKTP US SEATTLE WA 8131,76.24
12/23/23,AMZN MKTP US SEATTLE WA 3335,78.7
12/23/23,AMZN MKTP US SEATTLE WA 5529,100.43
12/30/23,AMZN MKTP US*9B7WD3UA3 SEATTLE WA 0448,-36.36
1/3/24,LATE FEE FOR PAYMENT DUE,-39
1/6/24,INTEREST CHARGED ON BALANCE TRANSFERS,0
1/6/24,INTEREST CHARGED ON DIR DEP&CHK CASHADV,0
1/6/24,INTEREST CHARGED ON PURCHASES,-27.68
1/6/24,WWW.AMAZON* 112-167116 SEATTLE WA 5009,-1175.93
1/6/24,INTEREST CHARGED ON BANK CASH ADVANCES,0
1/7/24,Online payment from CHK 9179 1386,600
1/7/24,WWW.AMAZON* 112-108340 SEATTLE WA 7336,-1175.93
1/8/24,AMZN MKTP US SEATTLE WA 3748,78.7
1/8/24,AMZN MKTP US SEATTLE WA 9161,68.17
1/8/24,AMZN MKTP US*RT70Y4JZ0 SEATTLE WA 9825,-173.34
1/12/24,AMZN MKTP US*RT2H26J41 SEATTLE WA 3756,-16.04
1/12/24,AMZN MKTP US*RT8Z231P2 SEATTLE WA 5340,-309.9
1/14/24,MB-PARKING PARKMOBILE MIAMI BEACH FL 0497,-1.85
1/14/24,AMZN MKTP US*RT79T2GG1 SEATTLE WA 6824,-98.15
1/14/24,AMZN MKTP US*RT53U01D1 SEATTLE WA 0880,-179.73
1/15/24,AMAZON.COM*R837M6GD0 SEATTLE WA 6428,-8.36
1/15/24,AMZN MKTP US*RT9D09BH1 SEATTLE WA 9826,-106.95
1/15/24,AMZN MKTP US*R83794GZ0 SEATTLE WA 8960,-139
1/15/24,AMZN Mktp US Amzn.com/billWA 3098,405.53
1/16/24,AMZN MKTP US*RT5VP5WY2 SEATTLE WA 4541,-17.9
1/17/24,CASH REWARDS STATEMENT CREDIT 6544,98.43
1/17/24,AMZN MKTP US*RT2TV5YE2 SEATTLE WA 9616,-7.99
1/17/24,AMZN MKTP US*R81UJ3CT2 SEATTLE WA 0350,-74.89
1/17/24,AMAZON RET* 112-417718 SEATTLE WA 8099,-135.47
1/18/24,AMZN MKTP US*RT5IQ7WA1 SEATTLE WA 1897,-179.73
1/18/24,AMZN MKTP US SEATTLE WA 4113,173.34
1/19/24,TEMU.COM WILMINGTON DE 1094,-22.61
1/20/24,AMAZON.COM*R06AM5LC0 SEATTLE WA 1553,-35.15
1/21/24,AMAZON RET* 112-167116 SEATTLE WA 6188,1175.93
1/23/24,AMZN MKTP US*R01MN3860 SEATTLE WA 2819,-121.35
1/26/24,AMZN MKTP US*R228W3C40 SEATTLE WA 6852,-55.62
1/26/24,AMZN Mktp US*R057Y3YE0 Amzn.com/billWA 4199,-74.93
1/27/24,AMZN MKTP US*R00PA3T61 SEATTLE WA 2354,-34.23
1/27/24,AMZN MKTP US*R25GM7O90 SEATTLE WA 5611,-12.83
1/27/24,AMZN MKTP US*R22T33FC0 SEATTLE WA 9634,-19.68
1/30/24,AMAZON.COM*R09RW1KW1 SEATTLE WA 3037,-29.28
1/30/24,AMZN MKTP US SEATTLE WA 8652,129.95
1/31/24,AMZN MKTP US SEATTLE WA 5819,98.15
1/31/24,AMZN MKTP US SEATTLE WA 3718,40.45
1/31/24,AMZN MKTP US SEATTLE WA 5390,74.89
1/31/24,AMZN MKTP US SEATTLE WA 7904,19.68
2/2/24,AMZN MKTP US*R28GP0B92 SEATTLE WA 1329,-60.98
2/2/24,AMZN MKTP US*R22IH6L81 SEATTLE WA 2863,-71.64
2/4/24,Online payment from CHK 9179 8432,1151.57
2/5/24,AMZN MKTP US SEATTLE WA 7547,7.48
2/6/24,INTEREST CHARGED ON BANK CASH ADVANCES,0
2/6/24,INTEREST CHARGED ON DIR DEP&CHK CASHADV,0
2/6/24,INTEREST CHARGED ON BALANCE TRANSFERS,0
2/6/24,INTEREST CHARGED ON PURCHASES,-33.84
2/9/24,AMZN MKTP US SEATTLE WA 9382,12.83
2/9/24,AMZN MKTP US SEATTLE WA 5274,25.67
2/9/24,AMAZON RET* 112-774490 SEATTLE WA 9075,-64.15
2/12/24,AMZN MKTP US*RI19M2PQ0 SEATTLE WA 1102,-123.05
2/14/24,AMZN MKTP US*RI0AZ6JL2 SEATTLE WA 7325,-31.64
2/15/24,AMZN MKTP US*RI5H10P52 SEATTLE WA 7461,-48.14
2/15/24,AMZN MKTP US*RI1KE7940 SEATTLE WA 4316,-38.51
2/15/24,AMZN MKTP US*RI3F117C0 SEATTLE WA 5549,-46.35
2/16/24,AMZN MKTP US*RW8K62CE0 SEATTLE WA 1080,-19.25
2/16/24,AMZN MKTP US*RI0LN7H42 SEATTLE WA 3565,-16.04
2/18/24,AMZN MKTP US*RI7C03TC1 SEATTLE WA 8281,-38.51
2/18/24,AMZN MKTP US*RI7QX9A21 SEATTLE WA 6929,-14.61
2/18/24,AMZN MKTP US*RW37J5EV0 SEATTLE WA 4770,-42.6
2/26/24,AMZN MKTP US*RZ8XY35E0 SEATTLE WA 7119,-9.47
2/26/24,BA ELECTRONIC PAYMENT 7941,900
3/2/24,AMAZON.COM*RZ4GI28Q2 SEATTLE WA 6074,-8.37
3/3/24,AMZN MKTP US*RZ5WC0GU1 SEATTLE WA 4697,-54.51
3/5/24,AMZN MKTP US*RZ5LK18J1 SEATTLE WA 4475,-246.1
3/5/24,AMZN MKTP US*RN09F7210 SEATTLE WA 6226,-79.09
3/6/24,INTEREST CHARGED ON BANK CASH ADVANCES,0
3/6/24,INTEREST CHARGED ON PURCHASES,-30.36
3/6/24,INTEREST CHARGED ON BALANCE TRANSFERS,0
3/6/24,INTEREST CHARGED ON DIR DEP&CHK CASHADV,0
3/7/24,AMZN MKTP US SEATTLE WA 2280,17.11
3/7/24,AMZN MKTP US SEATTLE WA 3942,60.98
3/8/24,AMZN MKTP US*RN3SZ34K1 SEATTLE WA 2273,-46.63
3/13/24,AMZN MKTP US SEATTLE WA 2315,246.1
3/18/24,WWW.F1.COM INTERNET GBR 0513,-84.99
3/19/24,MB-PARKING PARKMOBILE MIAMI BEACH FL 4938,-4.35
3/21/24,CASH REWARDS STATEMENT CREDIT 4046,88.57
3/31/24,AMAZON RET* 112-466307 SEATTLE WA 0161,-31.95
4/1/24,AMZN Mktp US*FQ9C83CS3 Amzn.com/billWA 4502,-26.74
4/3/24,AMZN MKTP US SEATTLE WA 0477,31.31
4/3/24,BA ELECTRONIC PAYMENT 5378,2283.83
4/4/24,AMZN Mktp US*YB43D8G03 Amzn.com/billWA 4757,-35.8
4/4/24,TEMU.COM 13024806118 MA 6162,-18.22
4/5/24,AMZN Mktp US*F83R14R83 Amzn.com/billWA 2299,-37.6
4/5/24,AMZN Mktp US*B178P7UW3 Amzn.com/billWA 1513,-29.84
4/6/24,INTEREST CHARGED ON DIR DEP&CHK CASHADV,0
4/6/24,INTEREST CHARGED ON PURCHASES,-32.55
4/6/24,INTEREST CHARGED ON BALANCE TRANSFERS,0
4/6/24,INTEREST CHARGED ON BANK CASH ADVANCES,0
4/7/24,MB-PARKING PARKMOBILE MIAMI BEACH FL 5984,-16.35
4/8/24,AMZN Mktp US*D028Z2183 Amzn.com/billWA 1904,-7.48
4/8/24,AMZN Mktp US*NG0HA97T3 Amzn.com/billWA 8230,-30.48
4/11/24,AMAZON.COM*SE1JX5B33 SEATTLE WA 9036,-52.43
4/14/24,AMZN Mktp US*NW62454G3 Amzn.com/billWA 6989,-53.49
4/21/24,AMAZON.COM*KG3XW46E3 SEATTLE WA 6474,-9.35
4/27/24,MB-PARKING PARKMOBILE MIAMI BEACH FL 3029,-8.35
5/3/24,LATE FEE FOR PAYMENT DUE,-34
5/6/24,INTEREST CHARGED ON PURCHASES,-5.1
5/6/24,INTEREST CHARGED ON BALANCE TRANSFERS,0
5/6/24,INTEREST CHARGED ON DIR DEP&CHK CASHADV,0
5/6/24,AMZN Mktp US*Z59P96SQ3 Amzn.com/billWA 5756,-29.06
5/6/24,INTEREST CHARGED ON BANK CASH ADVANCES,0
5/22/24,BA ELECTRONIC PAYMENT 7502,181.39
5/24/24,AMAZON.COM*K250O6O33 SEATTLE WA 8832,-42.79
5/25/24,AMZN Mktp US*B37YY5R73 Amzn.com/billWA 0317,-454.75
5/26/24,AMZN Mktp US*XJ44B22R3 Amzn.com/billWA 5777,-37.44
5/27/24,AMAZON RET* 113-979462 SEATTLE WA 1344,-37.44
6/3/24,BA ELECTRONIC PAYMENT 4840,398.42
6/3/24,AMZN Mktp US*T49EP5DD3 Amzn.com/billWA 6156,-67.62
6/3/24,AMZN Mktp US*TE8PU8S03 Amzn.com/billWA 7503,-69.54
6/4/24,AMZN Mktp US*ZB4TY14A3 Amzn.com/billWA 7588,-11.38
6/4/24,AMZN Mktp US*535ZB1IX3 Amzn.com/billWA 2111,-105.62
6/6/24,INTEREST CHARGED ON BANK CASH ADVANCES,0
6/6/24,INTEREST CHARGED ON BALANCE TRANSFERS,0
6/6/24,INTEREST CHARGED ON PURCHASES,-7.71
6/6/24,INTEREST CHARGED ON DIR DEP&CHK CASHADV,0
6/9/24,AMZN Mktp US*AV7OB9QB3 Amzn.com/billWA 6351,-80.21
6/9/24,AMAZON.COM*RX4EV6V03 SEATTLE WA 4293,-9.87
6/12/24,AMZN Mktp US Amzn.com/billWA 7685,11.38
6/12/24,AMZN Mktp US*SW75K5WK3 Amzn.com/billWA 4904,-159.99
6/13/24,AMZN Mktp US*EH97S4DX3 Amzn.com/billWA 8527,-17.11
6/13/24,AMAZON.COM*5144V6433 SEATTLE WA 1583,-9.49
6/14/24,AMAZON MKTPL*SC4HU4ZW3 Amzn.com/billWA 3462,-80.23
6/14/24,AMAZON MKTPL*YL8WP2MI3 Amzn.com/billWA 8630,-592.78
6/14/24,AMAZON MKTPLACE PMTS Amzn.com/billWA 6272,454.75
6/15/24,AMZN Mktp US*AH5B73GU3 Amzn.com/billWA 4863,-406.59
6/15/24,AMAZON MKTPL*QP8LQ4MR3 Amzn.com/billWA 2729,-527.49
6/16/24,AMAZON RET* 113-889862 SEATTLE WA 9129,-18.77
6/18/24,AMZN Mktp US*HL2Q81L33 Amzn.com/billWA 2842,-14.93
6/18/24,AMAZON MKTPL*9D0QD9H43 Amzn.com/billWA 7169,-10.69
6/21/24,AMAZON MKTPL*4G05C85X3 Amzn.com/billWA 3408,-86.64
6/21/24,AMAZON MKTPL*FL0ZK4F03 Amzn.com/billWA 8378,-96.89
6/21/24,AMAZON MKTPL*RG0BQ42C0 Amzn.com/billWA 3224,-158.49
6/25/24,AMAZON MKTPL*RG01Y59R1 Amzn.com/billWA 7809,-25.67
6/25/24,AMAZON MKTPLACE PMTS Amzn.com/billWA 0229,28.88
6/25/24,AMAZON MKTPLACE PMTS Amzn.com/billWA 8438,159.99
6/25/24,AMAZON MKTPLACE PMTS Amzn.com/billWA 0830,57.76
7/2/24,BA ELECTRONIC PAYMENT 2722,681.96
7/6/24,INTEREST CHARGED ON PURCHASES,0
7/6/24,INTEREST CHARGED ON BANK CASH ADVANCES,0
7/6/24,INTEREST CHARGED ON DIR DEP&CHK CASHADV,0
7/6/24,INTEREST CHARGED ON BALANCE TRANSFERS,0
7/9/24,AMAZON MAR* 113-414332 SEATTLE WA 8771,-20.73
7/12/24,AMAZON.COM*RY4IR0MU1 SEATTLE WA 0844,-31.86
7/20/24,AMAZON MKTPLACE PMTS Amzn.com/billWA 5595,513.59
7/27/24,CASH REWARDS STATEMENT CREDIT 0169,84.44
7/28/24,AMAZON.COM*RV32O15O2 SEATTLE WA 3829,-9.13
8/3/24,BA ELECTRONIC PAYMENT 7867,300
8/6/24,AMAZON RETA* RF85F4KC1 SEATTLE WA 6773,-30.49
8/6/24,AMAZON.COM*RF8LD4WA2 SEATTLE WA 6428,-52.22
8/6/24,INTEREST CHARGED ON DIR DEP&CHK CASHADV,0
8/6/24,AMAZON MKTPL*RF4F629P2 Amzn.com/billWA 8892,-32.09
8/6/24,INTEREST CHARGED ON BALANCE TRANSFERS,0
8/6/24,INTEREST CHARGED ON BANK CASH ADVANCES,0
8/6/24,INTEREST CHARGED ON PURCHASES,-15.92
8/8/24,AMZN MKTP US*RM9U45A12 SEATTLE WA 5153,-20.1
8/8/24,AMZN MKTP US*RM0PJ94O0 SEATTLE WA 6551,-17.32
8/10/24,AMAZON RETA* RM6K245N2 SEATTLE WA 5564,-106.95
8/11/24,AMAZON MKTPL*RM2A17QT2 Amzn.com/billWA 4201,-125.14
8/12/24,AMAZON MKTPL*RM8665KD0 Amzn.com/billWA 1231,-404.25
8/13/24,AMAZON MKTPLACE PMTS Amzn.com/billWA 6437,125.14
8/13/24,AMAZON MKTPL*RM2P09960 Amzn.com/billWA 4932,-53.68
8/13/24,AMAZON MKTPL*RM8E547P0 Amzn.com/billWA 2442,-17.1
8/14/24,AMZN Mktp US*RU4ET83O2 Amzn.com/billWA 3533,-85.59
8/15/24,AMAZON MARK* RU1UH3Z81 SEATTLE WA 3424,-6.41
8/18/24,AMAZON MKTPL*RU2NY35F1 Amzn.com/billWA 1701,-69.5
8/18/24,AMAZON.COM*RU0KH0BV1 SEATTLE WA 7419,-85.55
8/19/24,AMAZON MARK* R437D5NF2 SEATTLE WA 4009,-37.44
8/20/24,AMAZON RETA* R40CF50P2 SEATTLE WA 5392,-148.64
8/20/24,AMAZON MKTPLACE PMTS Amzn.com/billWA 8923,56.54
8/20/24,AMAZON MKTPL*R44NQ4TE2 Amzn.com/billWA 3480,-14.22
8/27/24,AMAZON MKTPL*R47UQ4I40 Amzn.com/billWA 3972,-32.09
8/28/24,AMAZON MARK* RK0TH54M0 SEATTLE WA 4111,-26.77
8/28/24,AMAZON MKTPL*RK6VX85Y2 Amzn.com/billWA 7427,-59.52
8/28/24,AMAZON MKTPL*RK7MY5CB1 Amzn.com/billWA 5022,-112.32
8/29/24,AMAZON MKTPL*RK9GR1TU1 Amzn.com/billWA 0354,-15.45
8/30/24,AMAZON MKTPL*RK7B19XN0 Amzn.com/billWA 1677,-18.18
8/30/24,AMAZON MARK* R437D5NF2 SEATTLE WA 7374,37.44
8/31/24,AMAZON MARK* RK44Z8HI0 SEATTLE WA 8898,-10.69
8/31/24,AMAZON MARK* RK44Z3H00 SEATTLE WA 0449,-96.25
9/2/24,AMAZON MKTPL*ZT6SX7JU2 Amzn.com/billWA 2821,-10.34
9/2/24,AMAZON MKTPL*RK6KD82H0 Amzn.com/billWA 2490,-23.53
9/3/24,AMAZON MKTPL*ZT5JR4EZ2 Amzn.com/billWA 6799,-24.6
9/3/24,BA ELECTRONIC PAYMENT 0543,300
9/4/24,AMAZON MARK* ZT02233J0 SEATTLE WA 6675,-42.75
9/6/24,INTEREST CHARGED ON BALANCE TRANSFERS,0
9/6/24,INTEREST CHARGED ON DIR DEP&CHK CASHADV,0
9/6/24,INTEREST CHARGED ON BANK CASH ADVANCES,0
9/6/24,INTEREST CHARGED ON PURCHASES,-27.56
9/7/24,AMAZON MKTPL*ZT6HZ7BR1 Amzn.com/billWA 3632,-62.04
9/7/24,AMAZON MKTPL*ZT3RZ4DN0 Amzn.com/billWA 4477,-13.9
9/8/24,AMAZON MKTPLACE PMTS Amzn.com/billWA 1688,37.44
9/8/24,AMAZON MKTPLACE PMTS Amzn.com/billWA 6286,37.44
9/8/24,AMAZON MKTPLACE PMTS Amzn.com/billWA 4491,37.44
9/9/24,AMAZON MKTPL*ZT5361YN0 Amzn.com/billWA 5652,-58.84
9/10/24,AMAZON RETA* Z85OA10Z0 SEATTLE WA 5881,-36.36
9/10/24,AMAZON MKTPL*DS7TW4FU3 Amzn.com/billWA 1772,-135.54
9/10/24,AMAZON MARK* Z80T46040 SEATTLE WA 2275,-44.72
9/11/24,AMAZON RETA* 657XX4DF3 SEATTLE WA 2852,-14.09
9/14/24,AMAZON RETA* 0L9EJ8FO3 SEATTLE WA 7234,-9.13
9/15/24,AMAZON MARK* GX4ZD2MX3 SEATTLE WA 2758,-37.43
9/15/24,AMAZON RETA* FL4VK6EV3 SEATTLE WA 0665,-127.33
9/16/24,AMAZON MARK* ZT02233J0 SEATTLE WA 1441,42.75
9/16/24,AMAZON MKTPLACE PMTS Amzn.com/billWA 2459,15.45
9/16/24,AMAZON MKTPLACE PMTS Amzn.com/billWA 5499,10.34
9/16/24,AMAZON MKTPLACE PMTS Amzn.com/billWA 5798,23.53
9/16/24,AMAZON MKTPLACE PMTS Amzn.com/billWA 6234,68.45
9/16/24,AMAZON MKTPLACE PMTS Amzn.com/billWA 1740,120.72
9/16/24,AMAZON MKTPLACE PMTS Amzn.com/billWA 4050,32.09
9/18/24,AMAZON MARK* 7H15J9FG3 SEATTLE WA 0603,-8.55
9/23/24,AMAZON RETA* TN8PB7633 SEATTLE WA 7325,-127.33
9/24/24,AMAZON RETA* SM6V438E3 SEATTLE WA 5126,-60.2
9/28/24,AMAZON MKTPL*JA4JU4I33 Amzn.com/billWA 3042,-26.56
9/29/24,AMAZON MKTPL*AO0XC1S63 Amzn.com/billWA 9386,-34.22
9/30/24,AMAZON MKTPL*LZ0VL2IA3 Amzn.com/billWA 1923,-33.18
9/30/24,AMAZON MKTPL*OL10P2P23 Amzn.com/billWA 4028,-17.11
9/30/24,AMAZON MKTPL*S159I8E13 Amzn.com/billWA 2811,-130.5
9/30/24,AMAZON MARK* CG9S810Q3 SEATTLE WA 0231,-23.53
10/1/24,AMAZON RETA* TN8PB7633 SEATTLE WA 6310,127.33
10/2/24,BA ELECTRONIC PAYMENT 3058,500
10/3/24,BA ELECTRONIC PAYMENT 1108,300
10/3/24,AMAZON MKTPL*2S04X4LH3 Amzn.com/billWA 0133,-36.58
10/3/24,AMAZON MKTPL*3F2KV09H3 Amzn.com/billWA 5934,-21.39
10/3/24,AMAZON RETA* V68ZL4UL3 SEATTLE WA 5056,-45.76
10/4/24,AMAZON MKTPLACE PMTS Amzn.com/billWA 3764,33.18
10/4/24,AMAZON MKTPLACE PMTS Amzn.com/billWA 3226,17.11
10/4/24,AMAZON MKTPLACE PMTS Amzn.com/billWA 7372,7.16
10/4/24,AMAZON MKTPLACE PMTS Amzn.com/billWA 6085,17.11
10/4/24,AMAZON MKTPLACE PMTS Amzn.com/billWA 1117,13.28
10/4/24,AMAZON MARK* CG9S810Q3 SEATTLE WA 2384,23.53
10/5/24,AMAZON MKTPL*TG1RF98U3 Amzn.com/billWA 3377,-19.68
10/6/24,AMAZON RETA* 5518D0UJ3 SEATTLE WA 4409,-123.34
10/6/24,INTEREST CHARGED ON DIR DEP&CHK CASHADV,0
10/6/24,INTEREST CHARGED ON BANK CASH ADVANCES,0
10/6/24,INTEREST CHARGED ON BALANCE TRANSFERS,0
10/6/24,INTEREST CHARGED ON PURCHASES,-32.77
10/8/24,AMAZON MARK* CT97A3943 SEATTLE WA 4451,-139.87
10/9/24,AMAZON MARK* 4F4A12K43 SEATTLE WA 1519,-101.59
10/11/24,AMAZON RETA* BK8J33U83 SEATTLE WA 7406,-9.56
10/11/24,AMAZON MKTPL*Y39HS8Z53 Amzn.com/billWA 3809,-41.71
10/11/24,CASH REWARDS STATEMENT CREDIT 8366,77.47
10/12/24,AMAZON MKTPL*9E3TJ38X3 Amzn.com/billWA 2808,-117.7
10/13/24,AMAZON MARK* RM7F40LI3 SEATTLE WA 3083,-487.8
10/14/24,AMAZON RETA* BK8J33U83 SEATTLE WA 2122,4.78
10/14/24,AMAZON MKTPL*HJ2LI5JB3 Amzn.com/billWA 0202,-62.84
10/16/24,AMAZON MKTPLACE PMTS Amzn.com/billWA 4419,14.97
10/17/24,AMAZON RETA* NL0WK4TI3 SEATTLE WA 2891,-26.31
10/18/24,AMAZON MKTPL*XD2TS9BI3 Amzn.com/billWA 5985,-373.43
10/26/24,AMAZON RETA* ID4PJ3133 SEATTLE WA 2940,-75
10/26/24,AMAZON MKTPL*7O2S936B3 Amzn.com/billWA 1554,-11.76
10/29/24,AMAZON MKTPL*V91TY2YX3 Amzn.com/billWA 9720,-10.69
10/29/24,AMAZON MKTPL*HO28I3LA3 Amzn.com/billWA 0192,-56.91
10/30/24,AMAZON RETA* ID4PJ3133 SEATTLE WA 5821,75
10/31/24,BA ELECTRONIC PAYMENT 5437,500
10/31/24,AMAZON MKTPL*8B6LV30M3 Amzn.com/billWA 6445,-17.27
11/1/24,AMAZON MKTPL*A76GV1CO3 Amzn.com/billWA 5919,-32.08
11/2/24,AMAZON MKTPL*FW6OO0TI3 Amzn.com/billWA 1797,-40.66
11/3/24,AMAZON MKTPL*KS8EF39Y3 Amzn.com/billWA 7106,-184.06
11/3/24,BA ELECTRONIC PAYMENT 5134,300
11/4/24,AMAZON MKTPL*CK7ML0VW3 Amzn.com/billWA 2069,-40.66
11/4/24,AMAZON MKTPL*Z174852K3 Amzn.com/billWA 8588,-19.25
11/4/24,AMAZON RETA* YV3575ZV3 SEATTLE WA 0969,-21.61
11/4/24,AMAZON MKTPLACE PMTS Amzn.com/billWA 1911,373.43
11/4/24,AMAZON MKTPL*IA1PB8B93 Amzn.com/billWA 8501,-37.55
11/5/24,AMAZON RETA* 1U93W1SX3 SEATTLE WA 2041,-30.56
11/5/24,AMAZON MKTPL*4R6Y00H43 Amzn.com/billWA 9327,-10.34
11/5/24,AMAZON RETA* KO9JD8043 SEATTLE WA 1518,-38.52
11/6/24,AMAZON MKTPLACE PMTS Amzn.com/billWA 1655,37.55
11/6/24,AMAZON MKTPL*F99BJ63F3 Amzn.com/billWA 9686,-17.27
11/6/24,AMAZON RETA* YV3575ZV3 SEATTLE WA 5983,21.61
11/6/24,INTEREST CHARGED ON DIR DEP&CHK CASHADV,0
11/6/24,AMAZON MKTPLACE PMTS Amzn.com/billWA 5140,16.04
11/6/24,AMAZON RETA* 3P9WJ1U93 SEATTLE WA 0621,-58.96
11/6/24,AMAZON MKTPLACE PMTS Amzn.com/billWA 6463,40.66
11/6/24,INTEREST CHARGED ON BANK CASH ADVANCES,0
11/6/24,INTEREST CHARGED ON PURCHASES,-42.1
11/6/24,INTEREST CHARGED ON BALANCE TRANSFERS,0
11/9/24,AMAZON MKTPL*2I3529KW3 Amzn.com/billWA 2724,-22.73
11/10/24,AMAZON MKTPL*B90BP08M3 Amzn.com/billWA 3781,-142.06
11/10/24,AMAZON MKTPL*8I7Y76RW3 Amzn.com/billWA 8141,-28.88
11/10/24,AMAZON MKTPLACE PMTS Amzn.com/billWA 1912,27.88
11/11/24,AMAZON MKTPLACE PMTS Amzn.com/billWA 9776,53.39
11/11/24,AMAZON MKTPLACE PMTS Amzn.com/billWA 2368,28.88
11/11/24,AMAZON MKTPLACE PMTS Amzn.com/billWA 3102,71.85
11/11/24,AMAZON MKTPL*PU8ZE1C13 Amzn.com/billWA 4510,-71.85
11/12/24,AMAZON MKTPLACE PMTS Amzn.com/billWA 8990,53.39
11/12/24,AMAZON MKTPLACE PMTS Amzn.com/billWA 2885,56.91
11/12/24,AMAZON MKTPLACE PMTS Amzn.com/billWA 0793,35.28
11/13/24,AMAZON RETA* F07C15IY3 SEATTLE WA 6988,-54.49
11/15/24,AMAZON MKTPL*HA9R77YZ3 Amzn.com/billWA 2191,-88.26
11/16/24,AMAZON MARK* HT3P41XV3 SEATTLE WA 5873,-56.91
11/18/24,AMAZON RETA* EU25X0KL3 SEATTLE WA 0248,-491.13
11/18/24,AMZN Mktp US*GQ33L6GE3 Amzn.com/billWA 7320,-94.2
11/19/24,AMAZON RETA* A05RB75X3 SEATTLE WA 7252,-24.34
12/1/24,BA ELECTRONIC PAYMENT 0063,500
12/3/24,BA ELECTRONIC PAYMENT 4891,300
12/5/24,AMAZON RETA* ZL8BS66M1 SEATTLE WA 1640,-32.99
12/6/24,INTEREST CHARGED ON PURCHASES,-41.99
12/6/24,INTEREST CHARGED ON BALANCE TRANSFERS,0
12/6/24,INTEREST CHARGED ON DIR DEP&CHK CASHADV,0
12/6/24,INTEREST CHARGED ON BANK CASH ADVANCES,0
12/6/24,AMAZON MKTPLACE PMTS Amzn.com/billWA 3449,146.14
12/6/24,AMAZON MKTPL*ZR2SV9XT2 Amzn.com/billWA 7258,-21.59
12/8/24,AMZN Mktp US*ZR7GD3L91 Amzn.com/billWA 1148,-28.88
12/11/24,AMAZON MKTPLACE PMTS Amzn.com/billWA 1868,146.14
12/12/24,AMAZON RETA* ZX9890ZR1 SEATTLE WA 4918,-373.43
12/15/24,AMAZON RETA* Z11NZ2TY0 SEATTLE WA 4127,-108.62
12/15/24,AMAZON RETA* ZX6603U01 SEATTLE WA 1642,-31.17
12/16/24,AMAZON MKTPL*Z10TZ3PI0 Amzn.com/billWA 5281,-17.11
12/16/24,AMAZON MKTPL*Z15KC5CE1 Amzn.com/billWA 0434,-155.98
12/17/24,AMAZON RETA* Z19JN1JG1 SEATTLE WA 8220,-235.37
12/17/24,AMAZON RETA* Z11NZ2TY0 SEATTLE WA 5935,108.62
12/17/24,AMAZON RETA* A05RB75X3 SEATTLE WA 4233,24.34
12/17/24,AMZN Mktp US Amzn.com/billWA 2094,22.84
12/21/24,AMAZON MKTPL*Z97MU0GL0 Amzn.com/billWA 9345,-39.56
12/21/24,AMAZON RETA* EU25X0KL3 SEATTLE WA 6117,491.13
12/22/24,AMAZON RETA* ZE0EH33Z2 SEATTLE WA 5521,-40.55
12/22/24,AMAZON MKTPL*Z963N4ER1 Amzn.com/billWA 2393,-106.98
12/23/24,AMAZON MKTPL*Z922A0X71 Amzn.com/billWA 7119,-38.51
12/27/24,AMAZON RETA* Z97FI6RS1 SEATTLE WA 1151,-149.79
12/29/24,AMAZON MKTPL*ZP4B631P2 Amzn.com/billWA 7640,-85.59
12/29/24,AMAZON MKTPL*ZP3SM4PZ2 Amzn.com/billWA 5671,-30.68
1/3/25,BA ELECTRONIC PAYMENT 8711,300
1/5/25,AMAZON MKTPL*ZP2B610U1 Amzn.com/billWA 9529,-765.12
1/6/25,AMAZON MKTPLACE PMTS Amzn.com/billWA 2806,69.5
1/6/25,INTEREST CHARGED ON BANK CASH ADVANCES,0
1/6/25,INTEREST CHARGED ON DIR DEP&CHK CASHADV,0
1/6/25,INTEREST CHARGED ON BALANCE TRANSFERS,0
1/6/25,INTEREST CHARGED ON PURCHASES,-42.52
1/6/25,AMAZON MKTPL*ZD1PM49H2 Amzn.com/billWA 1178,-35.3
1/8/25,AMAZON MKTPL*ZD8ZV91D0 Amzn.com/billWA 0259,-284.58
1/8/25,AMAZON MKTPL*Z56O10JW2 Amzn.com/billWA 0865,-154.92
1/9/25,AMAZON MKTPL*Z54NX5A72 Amzn.com/billWA 8651,-24.6
1/10/25,AMAZON MKTPLACE PMTS Amzn.com/billWA 0500,24.6
1/10/25,AMAZON MKTPLACE PMTS Amzn.com/billWA 1358,40.64
1/10/25,AMAZON MKTPLACE PMTS Amzn.com/billWA 2403,35.3
1/10/25,AMAZON MKTPLACE PMTS Amzn.com/billWA 5829,114.28
1/11/25,AMAZON MKTPLACE PMTS Amzn.com/billWA 5184,106.98
1/12/25,AMAZON MKTPL*Z57ON6SB2 Amzn.com/billWA 6811,-126.59
1/12/25,AMAZON MKTPL*Z56Z352A2 Amzn.com/billWA 8339,-128.35
1/17/25,AMAZON MKTPL*Z59UC57Y0 Amzn.com/billWA 9926,-12.83
1/17/25,AMAZON MKTPL*ZG87218P2 Amzn.com/billWA 4056,-52.41
1/21/25,AMAZON MKTPLACE PMTS Amzn.com/billWA 2513,35.3
1/21/25,AMAZON MKTPLACE PMTS Amzn.com/billWA 5126,74.79
1/21/25,AMAZON MKTPLACE PMTS Amzn.com/billWA 0003,41.15
1/21/25,AMAZON MKTPLACE PMTS Amzn.com/billWA 9224,128.35
1/29/25,AMAZON MKTPLACE PMTS Amzn.com/billWA 5354,12.83
1/29/25,AMAZON RETA* ZC52B74R1 SEATTLE WA 4379,-17.37
1/30/25,AMZN Mktp US*ZC13P9SI0 Amzn.com/billWA 2610,-74.89
1/30/25,AMAZON RETA* Z71PU6QY2 SEATTLE WA 4963,-237.18
1/31/25,AMAZON MKTPL*ZC6T787A0 Amzn.com/billWA 0522,-21.39
2/2/25,AMAZON MKTPL*ZC5KY0231 Amzn.com/billWA 7374,-53.49
2/3/25,AMAZON MKTPL*Z79I47TE0 Amzn.com/billWA 0044,-190.69
2/3/25,BA ELECTRONIC PAYMENT 2978,300
2/4/25,AMAZON MKTPLACE PMTS Amzn.com/billWA 3850,21.39
2/6/25,INTEREST CHARGED ON PURCHASES,-57.95
2/6/25,INTEREST CHARGED ON BALANCE TRANSFERS,0
2/6/25,INTEREST CHARGED ON DIR DEP&CHK CASHADV,0
2/6/25,INTEREST CHARGED ON BANK CASH ADVANCES,0
2/10/25,AMAZON RETA* Z97FI6RS1 SEATTLE WA 0850,149.79
2/16/25,AMAZON RETA* Z71PU6QY2 SEATTLE WA 1213,237.18
2/16/25,AMAZON MKTPL*YR45G1TH3 Amzn.com/billWA 4219,-561.61
2/17/25,BA ELECTRONIC PAYMENT 9699,3000
2/17/25,BA ELECTRONIC PAYMENT 9681,500
2/17/25,AMAZON MKTPLACE PMTS Amzn.com/billWA 3880,158.6
2/19/25,AMZN Mktp US*ID9WI8ME3 Amzn.com/billWA 9021,-342.35
2/20/25,AMAZON MKTPL*EC35J2LZ3 Amzn.com/billWA 2682,-51.35
2/20/25,AMAZON MKTPL*IL4LB9PN3 Amzn.com/billWA 3496,-582
2/20/25,AMAZON MKTPL*SR8X97U03 Amzn.com/billWA 8150,-85.38
2/21/25,AMAZON MKTPLACE PMTS Amzn.com/billWA 1494,32.09
2/21/25,AMAZON MKTPLACE PMTS Amzn.com/billWA 1466,85.38
2/21/25,AMAZON MKTPLACE PMTS Amzn.com/billWA 3639,53.49
2/26/25,AMAZON MKTPLACE PMTS Amzn.com/billWA 0739,273.88
2/27/25,AMAZON MKTPL*VW5PU16D3 Amzn.com/billWA 9785,-26.94
3/3/25,BA ELECTRONIC PAYMENT 6106,300
3/5/25,AMAZON MKTPLACE PMTS Amzn.com/billWA 5686,342.35
3/6/25,INTEREST CHARGED ON PURCHASES,-19.45
3/6/25,INTEREST CHARGED ON BALANCE TRANSFERS,0
3/6/25,INTEREST CHARGED ON DIR DEP&CHK CASHADV,0
3/6/25,INTEREST CHARGED ON BANK CASH ADVANCES,0
3/8/25,AMAZON MKTPL*708CA1T53 Amzn.com/billWA 6511,-25.66
3/11/25,AMAZON MKTPL*4K8A831V3 Amzn.com/billWA 4635,-308.11
3/11/25,AMAZON MKTPL*836724CS3 Amzn.com/billWA 1717,-29.94
3/11/25,AMAZON MKTPL*5L4IT7A83 Amzn.com/billWA 9022,-597.86
3/12/25,WWW.F1.COM INTERNET 2081,0.93
3/12/25,AMAZON MKTPL*8A65R9YI3 Amzn.com/billWA 8115,-27.81
3/12/25,WWW.F1.COM LONDON LND 1675,-110.49
3/13/25,AMAZON MKTPL*MQ0UV24H3 Amzn.com/billWA 8415,-21.35
3/14/25,AMAZON MKTPL*UL6FX1OC3 Amzn.com/billWA 3912,-86.6
3/15/25,AMAZON MKTPL*X55GG66S3 Amzn.com/billWA 7231,-40.65
3/17/25,AMAZON MKTPLACE PMTS Amzn.com/billWA 7080,86.6
3/19/25,AMAZON RETA* 7M73Z6LN3 SEATTLE WA 6677,-376.42
3/19/25,AMAZON MKTPLACE PMTS Amzn.com/billWA 7550,342.35
3/20/25,AMAZON RETA* 7M73Z6LN3 SEATTLE WA 6304,376.42
3/21/25,AMAZON MKTPLACE PMTS Amzn.com/billWA 4677,287.73
3/28/25,AMAZON MKTPLACE PMTS Amzn.com/billWA 0569,239.65
3/28/25,AMAZON MKTPL*7V7WI3413 Amzn.com/billWA 3664,-18.18
4/1/25,AMAZON MKTPLACE PMTS Amzn.com/billWA 0206,26.94
4/1/25,AMAZON RETA* 124AN4H03 SEATTLE WA 4232,-38.52
4/3/25,BA ELECTRONIC PAYMENT 3016,300
4/4/25,AMAZON MKTPL*LD0TT6JZ3 Amzn.com/billWA 3797,-42.98
4/4/25,AMAZON RETA* E615N7A83 SEATTLE WA 8656,-11.36
4/4/25,AMAZON RETA* L34GY1XL3 SEATTLE WA 0999,-9.84
4/5/25,AMAZON MKTPLACE PMTS Amzn.com/billWA 0340,259.79
4/6/25,INTEREST CHARGED ON PURCHASES,0
4/6/25,AMAZON MKTPL*ZT7ST6963 Amzn.com/billWA 1463,-127.33
4/6/25,AMAZON MKTPL*TW9Y04YZ3 Amzn.com/billWA 6970,-79.99
4/6/25,INTEREST CHARGED ON BALANCE TRANSFERS,0
4/6/25,INTEREST CHARGED ON DIR DEP&CHK CASHADV,0
4/6/25,INTEREST CHARGED ON BANK CASH ADVANCES,0
4/7/25,AMAZON MKTPL*TW3YA9V63 Amzn.com/billWA 2756,-89.87
4/15/25,AMAZON MKTPL*YR9SF5I13 Amzn.com/billWA 8133,-20.17
4/16/25,AMAZON MKTPL*M84MG8TH3 Amzn.com/billWA 1245,-14.97
4/17/25,AMAZON RETA* WS6OY06L3 SEATTLE WA 9667,-38.65
4/24/25,AMAZON MKTPLACE PMTS Amzn.com/billWA 6242,89.87
4/26/25,AMAZON MKTPL*NB5OQ4OF2 Amzn.com/billWA 3592,-56.7
4/26/25,AMAZON MKTPL*NB1980FZ2 Amzn.com/billWA 7326,-16.67
4/27/25,AMAZON MKTPL*NB5F34N32 Amzn.com/billWA 0781,-126.42
4/28/25,AMAZON RETA* NB18F7PV2 SEATTLE WA 1728,-31.56
4/29/25,AMAZON MKTPLACE PMTS Amzn.com/billWA 3390,126.42
4/29/25,AMAZON MKTPL*750FL62Y3 Amzn.com/billWA 4834,-26.3
4/29/25,AMAZON RETA* F45Y94VC3 SEATTLE WA 0845,-59.37
4/29/25,AMAZON MKTPL*NB0HI55U2 Amzn.com/billWA 1967,-19.09
4/29/25,AMAZON RETA* MI0RI97G3 SEATTLE WA 5713,-45.34
4/30/25,AMAZON RETA* N21CW72K1 SEATTLE WA 3670,-45.75
5/3/25,PAYPAL *PROGRESSIVE 8007764737 OH 5089,-163.24
5/3/25,BA ELECTRONIC PAYMENT 3477,300
5/4/25,AMAZON RETA* NB5LX81J1 SEATTLE WA 1991,-363.74
5/4/25,AMAZON RETA* NB4BP6PX1 SEATTLE WA 1796,-192.59
5/5/25,AMAZON RETA* NB08T0X91 SEATTLE WA 2879,-179.14
5/5/25,AMAZON RETA* MI0RI97G3 SEATTLE WA 8151,45.34
5/5/25,AMAZON RETA* N21CW72K1 SEATTLE WA 8015,45.75
5/6/25,INTEREST CHARGED ON BANK CASH ADVANCES,0
5/6/25,INTEREST CHARGED ON BALANCE TRANSFERS,0
5/6/25,INTEREST CHARGED ON PURCHASES,0
5/6/25,INTEREST CHARGED ON DIR DEP&CHK CASHADV,0
5/11/25,AMAZON MKTPL*NI2HT0P91 Amzn.com/billWA 7178,-124.1
5/11/25,AMAZON MKTPL*NI8ME5V60 Amzn.com/billWA 1940,-53.45
5/11/25,AMAZON MKTPL*NI8EV6X91 Amzn.com/billWA 5155,-37.45
5/12/25,AMAZON MKTPL*NW87E3S62 Amzn.com/billWA 5766,-36.11
5/12/25,AMAZON MKTPL*NI67E4B31 Amzn.com/billWA 6473,-33.46
5/12/25,AMAZON MKTPL*NI12V8S90 Amzn.com/billWA 3010,-14.97
5/12/25,AMAZON MKTPL*NI27N6QB0 Amzn.com/billWA 3402,-159
5/13/25,AMAZON MKTPLACE PMTS Amzn.com/billWA 7086,127.33
5/14/25,AMAZON MKTPL*NW72X1CJ1 Amzn.com/billWA 9352,-47.07
5/14/25,AMAZON MKTPLACE PMTS Amzn.com/billWA 0541,37.45
5/15/25,AMAZON MKTPL*NW45U0F81 Amzn.com/billWA 6149,-53.5
5/15/25,AMAZON MKTPLACE PMTS Amzn.com/billWA 5949,36.11
5/16/25,AMAZON MKTPL*NW6TQ7JG1 Amzn.com/billWA 2949,-115.16
5/16/25,AMAZON MKTPL*NW3X69EI0 Amzn.com/billWA 3317,-65.25
5/23/25,AMAZON MKTPL*NZ3F68MN0 Amzn.com/billWA 0037,-37.15
5/23/25,AMAZON RETA* NB08T0X91 SEATTLE WA 1112,179.14
5/27/25,AMAZON MKTPL*NN8XS0W22 Amzn.com/billWA 9715,-136.9
5/27/25,AMAZON MKTPL*NN7EC7U72 Amzn.com/billWA 8011,-142.22
5/29/25,AMAZON RETA* NB4BP6PX1 SEATTLE WA 8311,192.59
5/31/25,AMAZON MKTPL*NN0N60D60 Amzn.com/billWA 5595,-144.42
6/1/25,AMAZON MKTPL*N62735DV2 Amzn.com/billWA 0897,-12.38
6/2/25,AMAZON MKTPL*N60MY23L1 Amzn.com/billWA 7225,-265.36
6/3/25,AMAZON MKTPL*N634O8XT1 Amzn.com/billWA 2640,-42.78
6/3/25,AMAZON MKTPL*N67O24YP2 Amzn.com/billWA 7289,-13.86
6/3/25,AMAZON MKTPL*N62UT6AB0 Amzn.com/billWA 1105,-29.95
6/3/25,AMAZON MKTPL*N66BU8R82 Amzn.com/billWA 2579,-40.46
6/3/25,BA ELECTRONIC PAYMENT 6714,300
6/4/25,AMAZON RETA* N64E398F1 SEATTLE WA 6292,-298.95
6/4/25,CASH REWARDS STATEMENT CREDIT 5722,214.89
6/4/25,AMAZON MKTPL*N69KS78S1 Amzn.com/billWA 9852,-193.12
6/5/25,AMAZON MKTPL*NH32U5AR2 Amzn.com/billWA 6448,-56.72
6/5/25,AMAZON MKTPL*N688R1KB1 Amzn.com/billWA 7396,-154.6
6/5/25,AMAZON MKTPL*NH6N26192 Amzn.com/billWA 0729,-40.92
6/5/25,AMAZON MKTPL*NH4GS31V2 Amzn.com/billWA 9673,-40.92
6/5/25,AMAZON MKTPL*N66OW2DY0 Amzn.com/billWA 9797,-76.28
6/5/25,AMAZON MKTPL*N69IJ66L0 Amzn.com/billWA 3816,-85.59
6/6/25,INTEREST CHARGED ON BANK CASH ADVANCES,0
6/6/25,AMAZON MKTPL*N609W49J1 Amzn.com/billWA 0215,-174.82
6/6/25,INTEREST CHARGED ON PURCHASES,-26.09
6/6/25,INTEREST CHARGED ON BALANCE TRANSFERS,0
6/6/25,INTEREST CHARGED ON DIR DEP&CHK CASHADV,0
6/9/25,AMAZON RETA* N64E398F1 SEATTLE WA 8288,298.95
6/12/25,AMAZON MKTPLACE PMTS Amzn.com/billWA 1882,48.14
6/12/25,AMAZON MKTPLACE PMTS Amzn.com/billWA 0914,92.01
6/12/25,AMAZON MKTPLACE PMTS Amzn.com/billWA 1667,53.5
6/12/25,AMAZON MKTPLACE PMTS Amzn.com/billWA 2671,154.6
6/12/25,AMAZON MKTPLACE PMTS Amzn.com/billWA 8928,12.38
6/12/25,AMAZON MKTPLACE PMTS Amzn.com/billWA 0645,193.12
6/12/25,AMAZON MKTPLACE PMTS Amzn.com/billWA 6074,96.28
6/12/25,AMAZON MKTPLACE PMTS Amzn.com/billWA 2419,38.51
6/17/25,AMAZON RETA* NA71A72U1 SEATTLE WA 4305,-29.46
6/17/25,AMAZON MKTPL*NA4AM79T1 Amzn.com/billWA 8263,-102.69
6/17/25,AMAZON RETA* NA97U82P1 SEATTLE WA 3704,-36.37
6/17/25,AMAZON MKTPLACE PMTS Amzn.com/billWA 6621,265.36
6/18/25,PAYPAL *ALIPAYUSINC 4029357733 CA 4006,-25.09
6/19/25,AMAZON MKTPL*NA8O71YJ0 Amzn.com/billWA 2441,-158.51
6/19/25,AMAZON MKTPL*NO2DX08V2 Amzn.com/billWA 2562,-36.36
6/19/25,AMAZON RETA* NO5AE6ZS1 SEATTLE WA 0072,-139.08
6/21/25,AMAZON MKTPL*NQ6L72C72 Amzn.com/billWA 1967,-8.55
6/22/25,AMAZON MKTPL*NO3MB2MW0 Amzn.com/billWA 0868,-170.08
6/23/25,AMAZON MKTPLACE PMTS Amzn.com/billWA 6907,33.46
6/23/25,AMAZON MKTPL*NO9LB69T1 Amzn.com/billWA 1308,-10.69
6/23/25,AMAZON MKTPL*NO5BV8DB0 Amzn.com/billWA 9642,-10.69
6/23/25,AMAZON MKTPL*NO7LO69O1 Amzn.com/billWA 2820,-10.69
6/23/25,AMAZON MKTPL*NO7MF4D40 Amzn.com/billWA 2787,-10.69
6/23/25,AMAZON MKTPL*NO9BZ7DU0 Amzn.com/billWA 5719,-10.69
6/24/25,AMAZON MKTPL*NQ5WN1GM2 Amzn.com/billWA 3206,-37.44
6/27/25,AMAZON MKTPLACE PMTS Amzn.com/billWA 9331,37.44
6/27/25,AMAZON MKTPLACE PMTS Amzn.com/billWA 2682,83.62
6/27/25,AMAZON MKTPLACE PMTS Amzn.com/billWA 9327,74.89
6/27/25,AMAZON RETA* NA97U82P1 SEATTLE WA 8827,36.37
6/28/25,AMAZON MKTPL*N39C58LK2 Amzn.com/billWA 1557,-64.18
6/28/25,AMAZON MKTPL*N37G78L82 Amzn.com/billWA 0556,-28.87
6/29/25,AMAZON MKTPL*NQ7B442W1 Amzn.com/billWA 6165,-20.84
6/30/25,AMAZON MKTPLACE PMTS Amzn.com/billWA 8809,64.18
7/3/25,BA ELECTRONIC PAYMENT 1159,300
7/6/25,INTEREST CHARGED ON PURCHASES,-35.68
7/6/25,INTEREST CHARGED ON BALANCE TRANSFERS,0
7/6/25,INTEREST CHARGED ON DIR DEP&CHK CASHADV,0
7/6/25,INTEREST CHARGED ON BANK CASH ADVANCES,0
7/13/25,PAYPAL *theereek 4029357733 CA 5660,-61.02
7/17/25,AMAZON MKTPL*724P437W3 Amzn.com/billWA 8034,-20.32
7/20/25,AMAZON MKTPL*X72T55Z03 Amzn.com/billWA 1993,-10.68
7/20/25,AMAZON MKTPL*WZ9PY3QI3 Amzn.com/billWA 0827,-29.94
7/20/25,AMAZON RETA* KZ3N99X23 SEATTLE WA 6644,-1818.98
7/23/25,AMAZON MKTPL*GZ2MJ3E53 Amzn.com/billWA 9440,-87.74
7/23/25,PP*GOOGLE YUANWOFEI 4029357733 CA 9131,-6.49
7/25/25,AMAZON MKTPL*NP23T2UJ3 Amzn.com/billWA 7099,-98.44
7/27/25,AMAZON MKTPL*N18KZ1KP1 Amzn.com/billWA 4623,-35.29
7/28/25,AMAZON MKTPLACE PMTS Amzn.com/billWA 6545,20.32
7/29/25,AMAZON MKTPL*MB7XA7K23 Amzn.com/billWA 3228,-69.54
7/30/25,AMAZON MKTPLACE PMTS Amzn.com/billWA 3136,13.9
7/30/25,AMAZON MKTPLACE PMTS Amzn.com/billWA 0161,17.11
7/30/25,AMAZON MKTPL*CE34U9W83 Amzn.com/billWA 7870,-139.09
7/30/25,AMAZON MKTPL*F06LC0BA3 Amzn.com/billWA 5246,-23.53
7/30/25,AMAZON MKTPL*LK07Z4Q23 Amzn.com/billWA 1740,-48.14
8/3/25,BA ELECTRONIC PAYMENT 6755,300
8/3/25,AMAZON MKTPL*VQ1HG7E63 Amzn.com/billWA 5927,-81.84
8/5/25,AMAZON MKTPLACE PMTS Amzn.com/billWA 5541,48.14
8/6/25,INTEREST CHARGED ON BANK CASH ADVANCES,0
8/6/25,INTEREST CHARGED ON BALANCE TRANSFERS,0
8/6/25,INTEREST CHARGED ON PURCHASES,-52.07
8/6/25,INTEREST CHARGED ON DIR DEP&CHK CASHADV,0
8/23/25,AMAZON MKTPL*1311L9OM3 Amzn.com/billWA,-39.58
8/23/25,AMAZON MKTPL*AO8DI96H3 Amzn.com/billWA,-620.58
8/22/25,AMAZON MKTPL*166XE6B93 Amzn.com/billWA,-45.95
8/21/25,AMAZON MKTPL*SW5VJ37U3 Amzn.com/billWA,-169.02
8/20/25,AMAZON MKTPL*FJ0NJ5SG3 Amzn.com/billWA,-29.94
8/20/25,AMAZON RETA* J683C39E3 SEATTLE WA,-123.33
8/20/25,AMAZON MKTPL*9Z05W7RL3 Amzn.com/billWA,-21.39
8/18/25,AMAZON MKTPLACE PMTS Amzn.com/billWA,56.72
8/18/25,AMAZON MKTPL*AV1LV5RN3 Amzn.com/billWA,-30.85
8/16/25,AMAZON RETA* T68BJ7I73 SEATTLE WA,-90.78
8/16/25,AMAZON MKTPLACE PMTS Amzn.com/billWA,81.5
8/16/25,AMAZON MKTPLACE PMTS Amzn.com/billWA,64.17
8/14/25,AMAZON RETA* GV4CG26C3 SEATTLE WA,-171.19
8/14/25,AMAZON MKTPL*HG4BE8HG3 Amzn.com/billWA,-272.64
8/9/25,CASH REWARDS STATEMENT CREDIT,120.18
8/9/25,AMAZON MKTPL*W25562GH3 Amzn.com/billWA,-40.54
8/8/25,AMAZON MKTPL*B12ZM4DG3 Amzn.com/billWA,-96.28
8/7/25,AMAZON MKTPL*2X7E86C03 Amzn.com/billWA,-64.17
8/7/25,AMAZON MKTPL*SP1MP30Q3 Amzn.com/billWA,-27.8
8/7/25,AMAZON MKTPL*DO99X6613 Amzn.com/billWA,-25